,Date,Location,MinTemp,MaxTemp,Rainfall,Evaporation,Sunshine,WindGustDir,WindGustSpeed,WindDir9am,WindDir3pm,WindSpeed9am,WindSpeed3pm,Humidity9am,Humidity3pm,Pressure9am,Pressure3pm,Cloud9am,Cloud3pm,Temp9am,Temp3pm,RainToday,RISK_MM,RainTomorrow
105780,2020-01-02,Melbourne,12.8,25.0,0.0,8.0,13.3,SSW,35.0,SSW,SSW,6.0,13.0,66.0,48.0,1020.3,1018.1,1.0,6.0,19.4,23.8,0,0.0,0
105781,2020-01-03,Melbourne,13.7,36.6,0.0,9.8,12.6,ESE,20.0,S,SW,7.0,9.0,62.0,41.0,1016.8,1009.4,7.0,3.0,18.9,28.5,0,0.0,0
105782,2020-01-04,Melbourne,18.6,26.8,0.0,14.4,9.8,SSW,48.0,SW,S,7.0,13.0,43.0,73.0,1008.1,1014.5,0.0,7.0,25.5,19.2,0,2.2,1
105783,2020-01-05,Melbourne,12.7,16.7,2.2,6.4,0.0,SSE,35.0,SSE,SSE,9.0,15.0,89.0,64.0,1023.8,1023.7,8.0,8.0,13.0,15.2,1,8.2,1
105785,2020-01-07,Melbourne,12.6,20.1,1.2,0.0,0.0,S,31.0,SSE,SSW,6.0,13.0,89.0,80.0,1017.8,1017.1,8.0,8.0,17.9,19.8,1,0.0,0
105786,2020-01-08,Melbourne,16.8,23.8,0.0,2.0,10.6,SSW,37.0,S,SSW,9.0,17.0,75.0,72.0,1018.8,1017.1,7.0,7.0,18.5,22.7,0,0.0,0
105787,2020-01-09,Melbourne,17.9,31.9,0.0,8.2,9.7,SSE,28.0,NNW,SSW,11.0,9.0,74.0,42.0,1016.1,1011.2,6.0,1.0,20.2,29.9,0,0.0,0
105789,2020-01-11,Melbourne,13.5,19.3,15.6,6.2,5.6,SSW,41.0,WSW,S,7.0,19.0,65.0,52.0,1017.7,1019.2,7.0,7.0,15.3,18.4,1,0.0,0
105790,2020-01-12,Melbourne,14.2,19.9,0.0,4.2,8.4,SSW,39.0,SSE,SSW,13.0,17.0,66.0,65.0,1021.5,1020.0,7.0,4.0,16.2,18.0,0,0.0,0
105794,2020-01-16,Melbourne,15.7,19.6,19.6,17.2,3.4,SSW,46.0,SSW,SSW,15.0,17.0,78.0,65.0,1012.0,1012.7,8.0,7.0,17.1,18.7,1,0.0,0
105795,2020-01-17,Melbourne,14.4,24.8,0.0,4.8,8.8,SE,50.0,SSE,SE,9.0,19.0,73.0,50.0,1012.8,1009.7,7.0,7.0,17.1,24.0,0,0.0,0
105796,2020-01-18,Melbourne,13.9,29.4,0.0,4.4,10.4,SSE,39.0,N,SSW,2.0,9.0,74.0,51.0,1010.9,1005.5,1.0,7.0,17.6,27.8,0,0.0,0
105797,2020-01-19,Melbourne,17.5,25.5,0.0,6.0,7.9,E,43.0,NNW,SSW,6.0,17.0,81.0,64.0,1006.8,1002.7,6.0,3.0,20.0,24.3,0,0.4,0
105798,2020-01-20,Melbourne,19.1,21.8,0.4,6.2,2.3,SSW,39.0,SSW,S,9.0,17.0,80.0,87.0,1004.0,1003.4,5.0,8.0,21.2,18.8,0,44.0,1
105799,2020-01-21,Melbourne,14.8,23.5,44.0,4.8,10.9,SW,33.0,W,SSW,9.0,9.0,66.0,51.0,1010.9,1008.4,2.0,1.0,16.4,21.1,1,0.0,0
105800,2020-01-22,Melbourne,14.1,31.7,0.0,7.0,3.4,N,59.0,N,N,20.0,26.0,46.0,30.0,1002.6,997.9,7.0,7.0,23.5,31.1,0,22.8,1
105801,2020-01-23,Melbourne,12.9,22.6,22.8,8.8,4.8,NNW,46.0,NNW,NNW,9.0,22.0,85.0,48.0,997.1,998.6,8.0,7.0,15.5,20.6,1,1.2,1
105802,2020-01-24,Melbourne,11.7,24.1,1.2,7.6,8.7,NNW,31.0,NNW,WNW,11.0,11.0,53.0,40.0,1011.3,1012.1,6.0,7.0,16.3,21.7,1,0.0,0
105803,2020-01-25,Melbourne,13.0,27.4,0.0,7.0,13.0,NNW,26.0,NNE,SSW,9.0,11.0,62.0,41.0,1015.2,1012.6,1.0,1.0,18.3,25.1,0,0.0,0
105804,2020-01-26,Melbourne,15.8,23.6,0.0,6.8,10.0,SSW,33.0,NE,SSE,2.0,11.0,82.0,68.0,1013.3,1014.3,3.0,7.0,19.1,21.4,0,0.0,0
105805,2020-01-27,Melbourne,12.8,23.1,0.0,6.0,10.9,SSE,30.0,N,SSW,2.0,15.0,67.0,52.0,1015.5,1014.6,7.0,7.0,17.4,22.2,0,0.0,0
105807,2020-01-29,Melbourne,15.2,31.5,0.0,4.4,13.0,SSW,19.0,NNE,S,4.0,9.0,74.0,31.0,1018.2,1015.4,1.0,1.0,18.8,28.6,0,0.0,0
105811,2020-02-02,Melbourne,14.2,25.1,14.8,4.4,9.0,NNW,31.0,NW,WNW,9.0,11.0,63.0,47.0,1012.4,1010.2,5.0,6.0,16.8,22.9,1,0.0,0
105812,2020-02-03,Melbourne,13.2,17.7,0.0,6.8,8.7,S,46.0,SW,SSW,17.0,20.0,81.0,50.0,1013.1,1016.6,7.0,4.0,13.2,16.9,0,0.0,0
105813,2020-02-04,Melbourne,11.3,19.7,0.0,7.0,11.9,S,43.0,SSE,SSW,9.0,19.0,50.0,48.0,1023.2,1021.0,1.0,1.0,15.4,18.4,0,0.0,0
105814,2020-02-05,Melbourne,10.8,20.1,0.0,7.2,11.8,S,35.0,ESE,SSW,6.0,17.0,66.0,57.0,1022.0,1019.9,2.0,2.0,15.4,18.9,0,0.0,0
105815,2020-02-06,Melbourne,13.7,25.5,0.0,5.8,8.0,SSW,30.0,N,SSW,9.0,15.0,76.0,56.0,1021.0,1018.6,7.0,5.0,16.5,24.6,0,0.0,0
105816,2020-02-07,Melbourne,16.5,23.2,0.0,5.4,6.1,S,30.0,W,SSW,6.0,11.0,95.0,80.0,1022.2,1021.4,8.0,2.0,19.7,21.4,0,0.0,0
105817,2020-02-08,Melbourne,17.4,29.4,0.0,3.0,11.8,ESE,50.0,SE,SE,11.0,20.0,78.0,41.0,1022.6,1019.0,3.0,1.0,21.8,28.9,0,0.0,0
105818,2020-02-09,Melbourne,19.6,28.2,0.0,8.8,2.1,SE,48.0,SE,SE,13.0,19.0,63.0,49.0,1018.6,1015.4,7.0,7.0,21.8,26.2,0,0.6,0
105819,2020-02-10,Melbourne,18.5,27.7,0.6,6.4,1.2,ESE,31.0,SSE,ESE,15.0,15.0,87.0,57.0,1011.9,1008.0,7.0,7.0,19.5,27.3,0,0.0,0
105820,2020-02-11,Melbourne,19.5,25.9,0.0,3.0,5.9,SSW,30.0,NNE,SSW,6.0,13.0,86.0,65.0,1009.0,1008.6,7.0,7.0,21.1,25.4,0,0.0,0
105821,2020-02-12,Melbourne,19.1,27.7,0.0,4.8,4.7,SSE,39.0,SE,SSW,7.0,19.0,93.0,77.0,1013.5,1012.9,8.0,6.0,20.1,23.6,0,0.0,0
105822,2020-02-13,Melbourne,19.4,31.7,0.0,4.4,12.0,SSE,35.0,ESE,SSW,4.0,9.0,73.0,52.0,1013.3,1009.7,4.0,2.0,22.7,29.9,0,0.0,0
105823,2020-02-14,Melbourne,20.3,33.7,0.0,7.2,4.5,NNW,31.0,NE,WSW,7.0,19.0,77.0,81.0,1007.6,1006.0,6.0,7.0,24.2,24.2,0,5.4,1
105824,2020-02-15,Melbourne,18.9,19.3,5.4,5.8,0.0,SSW,37.0,SSW,SSW,11.0,9.0,100.0,100.0,1009.8,1011.3,8.0,8.0,19.0,18.0,1,2.8,1
105825,2020-02-16,Melbourne,16.9,26.4,2.8,0.2,8.2,ESE,31.0,SE,SE,6.0,11.0,80.0,57.0,1014.2,1012.4,7.0,4.0,18.3,24.6,1,0.0,0
105826,2020-02-17,Melbourne,15.2,25.6,0.0,4.0,12.4,SSW,28.0,NNE,SSW,6.0,15.0,80.0,63.0,1013.1,1009.8,1.0,1.0,17.8,24.3,0,0.0,0
105827,2020-02-18,Melbourne,17.6,21.8,0.0,5.4,2.5,SW,52.0,SE,WSW,4.0,6.0,90.0,99.0,1005.6,1004.1,7.0,7.0,19.7,18.1,0,38.0,1
105828,2020-02-19,Melbourne,13.3,19.7,38.0,4.4,4.2,SSW,46.0,SSW,SSW,15.0,22.0,92.0,63.0,1009.0,1011.6,7.0,6.0,15.6,18.7,1,3.2,1
105829,2020-02-20,Melbourne,14.2,18.7,3.2,3.6,2.1,S,33.0,S,SSW,11.0,15.0,65.0,60.0,1015.5,1016.5,8.0,7.0,15.4,17.3,1,2.8,1
105830,2020-02-21,Melbourne,13.5,19.6,2.8,3.0,6.2,S,33.0,N,S,4.0,17.0,90.0,55.0,1019.6,1020.6,7.0,4.0,15.4,18.7,1,0.0,0
105831,2020-02-22,Melbourne,11.4,21.1,0.0,4.0,11.8,SSW,31.0,SSE,SW,9.0,13.0,67.0,52.0,1023.5,1022.2,1.0,1.0,15.7,20.4,0,0.0,0
105833,2020-02-24,Melbourne,16.8,23.7,0.0,7.8,2.6,SSW,24.0,NNE,SSW,7.0,9.0,85.0,88.0,1018.7,1017.7,7.0,7.0,19.4,20.5,0,3.6,1
105834,2020-02-25,Melbourne,18.4,31.6,3.6,3.6,2.5,NNW,43.0,NNE,NNW,7.0,20.0,81.0,38.0,1011.4,1008.0,7.0,7.0,22.1,29.8,1,4.0,1
105835,2020-02-26,Melbourne,16.2,19.2,4.0,6.0,7.2,WSW,44.0,NW,S,11.0,20.0,59.0,49.0,1007.3,1011.6,7.0,5.0,18.1,18.1,1,0.2,0
105836,2020-02-27,Melbourne,11.0,19.7,0.2,4.2,5.5,NW,33.0,NNW,W,13.0,11.0,60.0,47.0,1013.1,1011.0,7.0,7.0,13.1,18.8,0,0.0,0
105837,2020-02-28,Melbourne,13.1,20.1,0.0,6.0,1.9,WNW,28.0,WSW,SSW,7.0,9.0,76.0,64.0,1015.3,1015.4,7.0,7.0,15.7,18.4,0,0.0,0
105838,2020-02-29,Melbourne,14.7,22.4,0.0,2.6,10.6,SSW,24.0,SW,SSW,4.0,13.0,82.0,65.0,1016.8,1014.5,5.0,1.0,15.4,20.4,0,0.0,0
105839,2020-03-01,Melbourne,13.2,32.1,0.0,5.6,7.4,N,46.0,NNE,NNW,9.0,22.0,83.0,27.0,1009.6,1005.3,7.0,5.0,16.4,30.6,0,3.0,1
105840,2020-03-02,Melbourne,14.2,18.4,3.0,9.4,9.7,SSW,44.0,SSW,S,13.0,15.0,72.0,52.0,1015.0,1017.2,2.0,6.0,15.3,17.9,1,0.0,0
105841,2020-03-03,Melbourne,14.7,19.5,0.0,5.2,8.2,SSW,33.0,SSE,SSW,11.0,13.0,59.0,59.0,1021.4,1019.7,7.0,7.0,15.5,18.6,0,0.0,0
105842,2020-03-04,Melbourne,13.6,23.5,0.0,4.4,0.0,SE,19.0,NNE,ESE,7.0,7.0,77.0,61.0,1016.8,1012.7,7.0,8.0,15.5,21.3,0,54.6,1
105844,2020-03-06,Melbourne,15.9,19.0,7.0,0.6,4.7,S,37.0,SSW,SSW,9.0,19.0,77.0,84.0,1014.4,1016.5,7.0,7.0,16.7,17.2,1,0.2,0
105845,2020-03-07,Melbourne,15.4,20.0,0.2,4.2,2.7,SSW,31.0,S,S,11.0,13.0,73.0,70.0,1022.5,1022.9,7.0,7.0,16.5,18.9,0,0.0,0
105846,2020-03-08,Melbourne,13.9,22.4,0.0,2.4,7.2,SSE,39.0,E,SE,7.0,17.0,78.0,50.0,1021.8,1019.5,7.0,6.0,15.7,21.6,0,0.0,0
105847,2020-03-09,Melbourne,12.3,21.0,0.0,4.6,11.7,S,37.0,SE,SSW,11.0,19.0,73.0,48.0,1023.0,1021.4,1.0,6.0,14.3,20.2,0,0.0,0
105848,2020-03-10,Melbourne,10.3,22.3,0.0,6.2,10.9,SSW,20.0,NE,S,6.0,9.0,85.0,59.0,1022.1,1019.2,6.0,1.0,12.7,21.9,0,0.0,0
105849,2020-03-11,Melbourne,12.6,29.5,0.0,4.0,11.3,N,24.0,NNE,ENE,6.0,4.0,85.0,33.0,1020.8,1018.7,2.0,4.0,16.6,28.3,0,0.0,0
105850,2020-03-12,Melbourne,16.6,29.5,0.0,9.2,10.7,N,39.0,NNE,N,9.0,20.0,55.0,34.0,1021.0,1018.5,1.0,7.0,20.4,28.3,0,0.0,0
105851,2020-03-13,Melbourne,19.1,26.8,0.0,11.2,1.9,SSW,54.0,N,NNW,17.0,15.0,44.0,46.0,1013.7,1010.6,7.0,7.0,22.3,25.9,0,0.6,0
105852,2020-03-14,Melbourne,13.1,17.9,0.6,6.0,6.2,SE,43.0,SSE,SSE,15.0,20.0,52.0,45.0,1024.2,1023.4,4.0,5.0,14.2,16.7,0,0.0,0
105853,2020-03-15,Melbourne,12.7,18.8,0.0,2.8,2.7,SSE,31.0,SE,SSW,7.0,13.0,74.0,64.0,1025.5,1024.7,5.0,7.0,13.8,17.6,0,0.0,0
105854,2020-03-16,Melbourne,9.3,26.5,0.0,4.0,10.8,NNE,22.0,NE,N,7.0,13.0,87.0,35.0,1027.2,1024.5,1.0,1.0,11.6,25.2,0,0.0,0
105855,2020-03-17,Melbourne,11.6,28.2,0.0,5.6,11.2,N,43.0,NNE,N,11.0,19.0,63.0,37.0,1026.1,1022.9,1.0,5.0,17.9,26.7,0,0.0,0
105856,2020-03-18,Melbourne,17.7,28.3,0.0,10.8,2.9,N,43.0,N,N,20.0,17.0,42.0,35.0,1021.6,1019.2,7.0,7.0,22.1,27.5,0,0.0,0
105857,2020-03-19,Melbourne,18.7,30.4,0.0,7.4,2.4,N,39.0,N,N,13.0,15.0,43.0,34.0,1018.3,1014.7,7.0,7.0,24.1,29.5,0,0.0,0
105858,2020-03-20,Melbourne,16.1,22.7,0.0,7.2,9.2,W,44.0,NW,WSW,13.0,13.0,63.0,47.0,1016.2,1015.3,1.0,7.0,17.5,22.3,0,0.0,0
105859,2020-03-21,Melbourne,14.6,18.4,0.0,5.6,3.2,SSW,24.0,S,SW,4.0,9.0,64.0,59.0,1022.9,1021.4,7.0,7.0,15.3,17.7,0,0.0,0
105860,2020-03-22,Melbourne,12.1,18.3,0.0,2.8,3.2,SSW,39.0,W,SSW,9.0,17.0,76.0,67.0,1022.6,1024.8,7.0,6.0,14.9,17.7,0,0.4,0
105861,2020-03-23,Melbourne,12.7,17.1,0.4,3.4,2.2,S,31.0,SE,S,11.0,11.0,66.0,63.0,1028.7,1026.8,4.0,7.0,14.1,16.5,0,0.0,0
105862,2020-03-24,Melbourne,8.5,17.9,0.0,3.0,4.5,S,31.0,NE,SSW,6.0,17.0,75.0,55.0,1024.9,1022.7,7.0,7.0,10.8,16.5,0,0.0,0
105863,2020-03-25,Melbourne,10.8,17.5,0.0,3.8,0.0,S,30.0,SSE,SSW,6.0,15.0,53.0,61.0,1023.9,1025.0,7.0,7.0,15.2,15.7,0,0.0,0
105865,2020-03-27,Melbourne,13.6,27.6,0.0,3.8,9.7,NNW,30.0,NNE,NNE,7.0,13.0,90.0,36.0,1025.5,1022.1,2.0,6.0,15.0,26.8,0,0.0,0
105866,2020-03-28,Melbourne,14.8,27.5,0.0,7.6,10.1,NNE,41.0,N,NNE,9.0,20.0,68.0,37.0,1021.4,1017.5,1.0,1.0,16.5,26.9,0,0.0,0
105867,2020-03-29,Melbourne,16.5,26.4,0.0,10.2,3.1,NNW,48.0,N,W,11.0,17.0,43.0,75.0,1012.8,1011.7,6.0,8.0,22.1,19.1,0,5.2,1
105868,2020-03-30,Melbourne,15.9,21.7,5.2,4.2,7.3,W,26.0,W,S,7.0,6.0,75.0,55.0,1013.0,1013.2,6.0,6.0,16.9,19.6,1,0.0,0
105869,2020-03-31,Melbourne,12.2,21.4,0.0,1.0,10.6,SSW,22.0,NE,S,7.0,13.0,84.0,51.0,1018.4,1017.0,1.0,4.0,14.1,20.0,0,0.0,0
105870,2020-04-01,Melbourne,11.0,23.1,0.0,4.0,7.1,SSE,20.0,NE,SW,9.0,9.0,84.0,55.0,1019.3,1014.9,1.0,7.0,12.5,22.4,0,23.0,1
105875,2020-04-06,Melbourne,10.7,16.5,6.2,1.4,4.6,S,24.0,WSW,SSW,9.0,11.0,74.0,59.0,1021.4,1021.8,2.0,7.0,13.1,15.4,1,1.4,1
105876,2020-04-07,Melbourne,11.9,16.4,1.4,1.8,1.8,S,24.0,ENE,SSW,2.0,11.0,78.0,58.0,1024.5,1022.8,7.0,7.0,14.1,15.2,1,1.2,1
105877,2020-04-08,Melbourne,11.7,18.6,1.2,1.4,5.8,SE,26.0,SE,SSE,11.0,11.0,97.0,68.0,1025.2,1023.8,7.0,6.0,13.3,17.7,1,0.0,0
105878,2020-04-09,Melbourne,8.9,21.2,0.0,1.2,10.6,SSW,17.0,E,SSW,4.0,7.0,82.0,51.0,1027.5,1023.1,0.0,1.0,13.0,20.1,0,0.2,0
105879,2020-04-10,Melbourne,12.7,22.0,0.2,4.0,4.1,NW,31.0,NNW,NNW,17.0,15.0,79.0,53.0,1017.2,1010.9,7.0,5.0,17.8,21.3,0,2.4,1
105880,2020-04-11,Melbourne,13.0,15.7,2.4,4.8,6.1,WSW,59.0,W,WSW,15.0,15.0,64.0,56.0,1006.5,1009.0,1.0,3.0,14.2,15.2,1,2.4,1
105881,2020-04-12,Melbourne,11.0,15.3,2.4,4.4,0.5,W,30.0,WSW,SW,9.0,6.0,79.0,61.0,1020.2,1019.7,7.0,7.0,12.9,15.0,1,0.0,0
105882,2020-04-13,Melbourne,12.2,18.3,0.0,2.4,7.1,SSW,20.0,WSW,SSW,7.0,9.0,68.0,57.0,1021.9,1019.7,7.0,2.0,13.5,18.1,0,0.6,0
105883,2020-04-14,Melbourne,12.1,23.4,0.6,2.4,3.2,N,33.0,NNE,N,15.0,15.0,64.0,51.0,1023.7,1022.2,7.0,7.0,16.6,21.5,0,0.0,0
105884,2020-04-15,Melbourne,15.6,23.5,0.0,5.8,3.7,N,50.0,N,N,19.0,20.0,54.0,44.0,1020.9,1013.9,4.0,7.0,18.8,23.2,0,0.2,0
105885,2020-04-16,Melbourne,15.4,21.5,0.2,5.0,8.0,SSW,46.0,WSW,S,7.0,13.0,72.0,76.0,1009.6,1010.3,5.0,6.0,17.4,16.8,0,0.0,0
105886,2020-04-17,Melbourne,11.4,18.4,0.0,3.6,5.4,WSW,35.0,NW,SW,9.0,13.0,67.0,61.0,1015.0,1013.6,7.0,7.0,14.7,17.6,0,0.0,0
105887,2020-04-18,Melbourne,12.9,16.4,0.0,3.0,2.2,WSW,26.0,WNW,SW,9.0,7.0,76.0,67.0,1016.4,1014.1,7.0,7.0,13.7,15.8,0,0.0,0
105888,2020-04-19,Melbourne,11.2,19.4,0.0,1.4,5.7,NNW,31.0,NNE,NE,4.0,7.0,75.0,37.0,1016.3,1012.4,3.0,7.0,12.8,17.8,0,3.4,1
105889,2020-04-20,Melbourne,12.0,20.8,3.4,5.8,4.5,N,59.0,N,WSW,20.0,11.0,55.0,37.0,1007.9,1010.9,3.0,3.0,16.3,20.3,1,0.0,0
105890,2020-04-21,Melbourne,8.5,19.6,0.0,3.0,7.1,NNW,41.0,ENE,N,6.0,20.0,74.0,39.0,1016.7,1014.0,5.0,4.0,12.9,19.0,0,0.0,0
105891,2020-04-22,Melbourne,12.8,18.2,0.0,3.8,6.6,SSW,22.0,WNW,S,7.0,4.0,69.0,64.0,1020.3,1019.1,6.0,7.0,15.2,17.8,0,0.0,0
105892,2020-04-23,Melbourne,9.6,19.7,0.0,2.8,3.1,N,44.0,N,N,11.0,24.0,66.0,53.0,1018.5,1013.7,7.0,7.0,15.2,19.3,0,0.4,0
105893,2020-04-24,Melbourne,15.1,22.3,0.4,3.2,9.8,N,26.0,WNW,SSW,11.0,11.0,68.0,49.0,1018.2,1017.5,1.0,1.0,17.1,20.9,0,0.0,0
105894,2020-04-25,Melbourne,10.5,21.7,0.0,3.8,5.3,N,43.0,N,NNW,13.0,20.0,75.0,50.0,1019.0,1014.9,7.0,7.0,15.7,21.2,0,14.0,1
105895,2020-04-26,Melbourne,15.4,17.7,14.0,2.0,4.2,SSW,31.0,NW,SSW,13.0,11.0,78.0,64.0,1012.6,1016.3,7.0,3.0,17.6,17.1,1,0.6,0
105896,2020-04-27,Melbourne,8.1,18.1,0.6,3.2,9.6,NNW,22.0,ENE,SSW,7.0,6.0,72.0,48.0,1025.1,1022.4,1.0,1.0,11.7,17.3,0,0.0,0
105897,2020-04-28,Melbourne,7.1,18.9,0.0,2.2,5.4,NNW,43.0,NNE,N,9.0,17.0,76.0,52.0,1020.0,1014.1,7.0,7.0,11.3,17.9,0,3.4,1
105898,2020-04-29,Melbourne,11.2,19.8,3.4,3.2,1.7,N,35.0,N,WSW,17.0,7.0,83.0,98.0,1005.6,1004.9,7.0,7.0,17.5,13.0,1,23.6,1
105899,2020-04-30,Melbourne,8.9,15.5,23.6,2.4,2.5,WNW,44.0,NW,W,6.0,13.0,78.0,75.0,1007.0,1005.0,7.0,7.0,10.5,11.8,1,8.0,1
105900,2020-05-01,Melbourne,7.6,13.0,8.0,1.8,2.3,NW,46.0,WSW,W,9.0,17.0,80.0,62.0,1001.7,999.5,8.0,7.0,9.0,12.4,1,1.4,1
105901,2020-05-02,Melbourne,8.3,14.2,1.4,2.0,2.2,WNW,44.0,W,SSW,15.0,15.0,81.0,66.0,1005.8,1007.7,8.0,6.0,10.3,13.4,1,1.8,1
105902,2020-05-03,Melbourne,9.8,15.0,1.8,2.8,3.6,SSW,30.0,W,SSW,6.0,6.0,72.0,63.0,1023.3,1024.1,7.0,7.0,11.3,13.8,1,0.2,0
105903,2020-05-04,Melbourne,9.4,14.8,0.2,1.6,1.1,WSW,19.0,W,SSW,6.0,7.0,97.0,78.0,1029.6,1028.2,8.0,7.0,10.1,13.8,0,0.4,0
105904,2020-05-05,Melbourne,8.0,19.5,0.4,0.8,9.9,N,31.0,NNE,NNE,13.0,17.0,100.0,51.0,1030.5,1026.7,0.0,1.0,10.2,18.9,0,0.0,0
105905,2020-05-06,Melbourne,10.2,20.1,0.0,2.8,5.2,N,48.0,NNW,N,19.0,26.0,64.0,56.0,1026.1,1021.6,7.0,8.0,15.2,19.1,0,0.0,0
105906,2020-05-07,Melbourne,15.1,21.1,0.0,4.0,9.0,NNW,59.0,N,N,17.0,24.0,52.0,51.0,1014.8,1008.8,7.0,7.0,17.9,20.5,0,0.0,0
105907,2020-05-08,Melbourne,12.6,19.6,0.0,4.2,8.1,NNW,41.0,NNW,NNW,15.0,22.0,70.0,53.0,1013.2,1011.1,1.0,3.0,14.8,18.7,0,0.6,0
105908,2020-05-09,Melbourne,12.6,14.0,0.6,2.4,2.5,SW,39.0,W,WSW,17.0,9.0,81.0,75.0,1007.2,1009.5,8.0,3.0,12.6,12.4,0,7.0,1
105909,2020-05-10,Melbourne,7.2,14.5,7.0,4.8,5.2,NW,28.0,NW,W,7.0,9.0,65.0,59.0,1023.1,1023.5,7.0,7.0,9.9,13.6,1,0.6,0
105910,2020-05-11,Melbourne,7.8,17.1,0.6,2.2,6.2,NNW,22.0,NNE,N,9.0,11.0,74.0,57.0,1028.8,1026.4,1.0,7.0,11.1,16.0,0,0.2,0
105911,2020-05-12,Melbourne,10.3,14.8,0.2,2.4,2.5,N,41.0,N,N,17.0,19.0,69.0,66.0,1024.0,1020.9,7.0,7.0,12.1,14.4,0,1.4,1
105912,2020-05-13,Melbourne,10.4,14.5,1.4,3.0,2.7,SSW,30.0,WSW,SSW,7.0,13.0,90.0,54.0,1025.2,1025.3,7.0,7.0,10.5,13.8,1,2.8,1
105913,2020-05-14,Melbourne,6.6,14.7,2.8,1.6,6.9,SSW,20.0,NNE,SSW,9.0,11.0,89.0,53.0,1030.7,1029.3,7.0,3.0,7.9,13.6,1,0.0,0
105914,2020-05-15,Melbourne,4.5,15.3,0.0,1.4,9.6,SSW,19.0,NE,S,9.0,7.0,86.0,58.0,1032.3,1029.3,1.0,1.0,6.7,14.1,0,0.0,0
105915,2020-05-16,Melbourne,4.5,18.0,0.0,1.4,9.6,NNW,35.0,NNE,N,7.0,15.0,87.0,46.0,1031.2,1028.9,0.0,1.0,7.9,17.5,0,0.0,0
105916,2020-05-17,Melbourne,5.1,18.5,0.0,3.8,9.7,NNE,19.0,NNE,S,9.0,7.0,91.0,44.0,1033.1,1030.4,0.0,1.0,7.1,16.6,0,0.0,0
105917,2020-05-18,Melbourne,5.5,19.4,0.0,1.2,8.7,N,33.0,NNE,N,7.0,19.0,87.0,51.0,1031.6,1027.5,1.0,7.0,8.1,18.7,0,0.0,0
105918,2020-05-19,Melbourne,8.1,17.7,0.0,2.0,0.3,NNW,33.0,N,N,13.0,19.0,69.0,57.0,1024.4,1019.0,7.0,8.0,13.6,17.5,0,15.6,1
105919,2020-05-20,Melbourne,10.3,15.8,15.6,2.8,7.4,NNW,56.0,NNW,NW,11.0,17.0,83.0,43.0,1013.1,1012.0,5.0,2.0,12.5,15.3,1,12.4,1
105920,2020-05-21,Melbourne,9.4,13.7,12.4,2.4,2.0,S,31.0,WSW,SSW,4.0,15.0,99.0,62.0,1017.0,1017.9,8.0,6.0,10.1,13.1,1,11.4,1
105921,2020-05-22,Melbourne,9.1,13.6,11.4,2.4,2.5,SW,24.0,W,SSW,6.0,7.0,87.0,64.0,1021.7,1018.7,7.0,7.0,10.1,13.3,1,0.0,0
105922,2020-05-23,Melbourne,9.4,13.5,0.0,1.4,0.1,SSE,33.0,SSE,SSW,6.0,13.0,95.0,97.0,1018.7,1016.8,8.0,8.0,11.1,12.3,0,3.0,1
105923,2020-05-24,Melbourne,10.9,13.8,3.0,0.0,2.0,S,35.0,S,SSW,13.0,17.0,66.0,77.0,1022.0,1022.0,7.0,7.0,11.9,13.2,1,0.0,0
105924,2020-05-25,Melbourne,5.5,16.0,0.0,1.4,9.3,ESE,31.0,S,SE,7.0,9.0,100.0,56.0,1026.0,1024.1,1.0,1.0,8.5,15.5,0,0.0,0
105925,2020-05-26,Melbourne,5.4,18.5,0.0,1.2,9.3,N,26.0,NNE,NNW,11.0,15.0,100.0,44.0,1026.8,1021.6,1.0,1.0,5.9,17.9,0,0.0,0
105926,2020-05-27,Melbourne,5.9,17.1,0.0,1.6,0.1,N,39.0,NNE,N,9.0,17.0,67.0,65.0,1020.8,1018.1,7.0,7.0,13.7,16.1,0,0.0,0
105927,2020-05-28,Melbourne,12.1,17.6,0.0,2.2,4.2,N,20.0,NNW,SSW,9.0,9.0,71.0,70.0,1021.9,1021.5,6.0,7.0,13.7,14.7,0,0.0,0
105928,2020-05-29,Melbourne,7.2,17.1,0.0,1.8,8.0,NNW,33.0,NNE,N,9.0,17.0,92.0,65.0,1027.2,1024.9,1.0,6.0,10.0,16.6,0,0.0,0
105929,2020-05-30,Melbourne,8.1,17.1,0.0,1.6,7.6,N,56.0,N,N,15.0,28.0,73.0,52.0,1023.5,1015.8,4.0,6.0,12.5,15.9,0,0.0,0
105930,2020-05-31,Melbourne,12.4,17.8,0.0,4.0,5.0,N,44.0,NNW,NNW,9.0,15.0,71.0,48.0,1012.9,1009.8,6.0,7.0,13.1,16.8,0,5.0,1
105931,2020-06-01,Melbourne,9.3,11.2,5.0,3.0,0.1,SW,48.0,NW,W,11.0,11.0,84.0,92.0,1005.0,1007.1,7.0,7.0,9.9,10.0,1,11.6,1
105932,2020-06-02,Melbourne,8.4,15.6,11.6,1.6,2.9,SSW,39.0,NW,NW,7.0,9.0,79.0,68.0,1019.2,1018.1,6.0,7.0,11.1,14.9,1,0.6,0
105933,2020-06-03,Melbourne,10.5,14.1,0.6,2.4,3.1,S,37.0,SSE,S,11.0,15.0,76.0,58.0,1028.9,1031.0,6.0,7.0,12.0,13.0,0,0.0,0
105935,2020-06-05,Melbourne,4.1,14.6,0.0,2.4,7.8,SSW,17.0,NE,S,9.0,9.0,91.0,63.0,1031.2,1028.5,2.0,3.0,6.0,13.4,0,0.0,0
105936,2020-06-06,Melbourne,6.0,13.3,0.0,0.4,1.3,SSE,19.0,NE,SSW,9.0,9.0,85.0,79.0,1026.9,1024.3,7.0,7.0,8.0,12.4,0,0.0,0
105937,2020-06-07,Melbourne,7.9,11.8,0.0,1.2,1.3,S,19.0,SE,S,9.0,11.0,77.0,75.0,1027.1,1025.8,7.0,7.0,10.1,10.7,0,0.0,0
105938,2020-06-08,Melbourne,4.5,12.6,0.0,0.8,3.6,SE,15.0,NE,SSW,7.0,7.0,100.0,72.0,1032.1,1031.4,3.0,7.0,5.6,12.3,0,0.2,0
105939,2020-06-09,Melbourne,2.0,15.3,0.2,0.8,7.4,NNW,24.0,NNE,N,11.0,13.0,95.0,48.0,1033.8,1030.5,0.0,4.0,3.9,14.9,0,0.0,0
105940,2020-06-10,Melbourne,3.9,16.7,0.0,2.2,7.2,NNW,28.0,N,SSW,9.0,6.0,87.0,63.0,1028.6,1024.7,7.0,1.0,8.4,15.4,0,0.0,0
105942,2020-06-12,Melbourne,4.2,15.3,0.0,1.4,8.6,N,33.0,NNE,N,9.0,17.0,93.0,50.0,1025.8,1022.0,7.0,7.0,5.7,14.6,0,0.0,0
105943,2020-06-13,Melbourne,5.7,16.4,0.0,2.0,0.7,N,37.0,N,N,17.0,19.0,75.0,64.0,1016.0,1010.4,7.0,7.0,13.1,15.9,0,5.8,1
105944,2020-06-14,Melbourne,10.4,15.2,5.8,1.8,4.0,NNW,43.0,NW,NNW,17.0,20.0,71.0,62.0,1013.7,1012.7,1.0,7.0,11.6,14.2,1,0.0,0
105945,2020-06-15,Melbourne,11.6,18.4,0.0,2.4,8.0,N,46.0,N,NNW,15.0,13.0,81.0,56.0,1018.0,1016.9,7.0,4.0,14.0,17.8,0,0.0,0
105946,2020-06-16,Melbourne,13.0,17.9,0.0,2.8,3.9,NNW,37.0,N,NW,13.0,9.0,75.0,52.0,1019.7,1020.5,7.0,7.0,14.5,17.3,0,0.4,0
105947,2020-06-17,Melbourne,10.2,14.6,0.4,2.2,1.6,SW,24.0,NNE,SSW,4.0,9.0,89.0,47.0,1034.1,1033.4,7.0,7.0,11.1,12.9,0,0.0,0
105948,2020-06-18,Melbourne,4.6,16.9,0.0,0.0,8.6,N,35.0,NNE,N,9.0,17.0,87.0,60.0,1035.6,1030.5,1.0,6.0,6.4,16.8,0,0.0,0
105949,2020-06-19,Melbourne,6.4,17.8,0.0,2.0,7.5,N,46.0,N,NNW,20.0,20.0,72.0,61.0,1025.4,1020.5,3.0,6.0,13.7,17.0,0,1.4,1
105950,2020-06-20,Melbourne,12.8,16.9,1.4,2.0,7.9,N,33.0,N,N,13.0,15.0,80.0,60.0,1016.4,1014.0,1.0,1.0,13.8,16.0,1,0.0,0
105951,2020-06-21,Melbourne,6.9,12.0,0.0,2.6,0.0,NE,17.0,NNW,NE,6.0,6.0,98.0,79.0,1011.3,1009.8,7.0,7.0,8.1,11.8,0,0.0,0
105952,2020-06-22,Melbourne,8.1,13.0,0.0,0.8,0.8,WSW,26.0,W,WSW,11.0,11.0,80.0,76.0,1010.8,1009.0,7.0,7.0,9.8,12.6,0,2.2,1
105954,2020-06-24,Melbourne,10.1,14.9,0.4,1.6,1.4,SSW,17.0,SSW,SSW,6.0,7.0,100.0,82.0,1019.3,1017.5,7.0,7.0,11.7,14.4,0,0.0,0
105955,2020-06-25,Melbourne,10.2,15.9,0.0,1.6,4.9,N,30.0,NNW,N,13.0,15.0,79.0,72.0,1019.5,1018.9,7.0,7.0,12.0,13.8,0,1.2,1
105956,2020-06-26,Melbourne,7.9,13.8,1.2,1.4,5.9,WNW,20.0,ENE,SSW,6.0,11.0,81.0,76.0,1026.5,1026.2,4.0,6.0,9.4,12.0,1,0.0,0
105958,2020-06-28,Melbourne,1.7,12.5,0.2,0.8,9.0,NNE,13.0,NNE,S,7.0,6.0,100.0,67.0,1030.5,1028.2,0.0,0.0,2.5,12.1,0,0.0,0
105959,2020-06-29,Melbourne,2.2,15.4,0.0,0.6,9.2,NNW,26.0,NE,NNW,9.0,13.0,98.0,46.0,1029.0,1024.6,1.0,1.0,3.0,14.8,0,0.0,0
105960,2020-06-30,Melbourne,3.0,15.2,0.0,2.0,4.2,N,52.0,N,N,11.0,24.0,71.0,50.0,1020.3,1015.3,7.0,7.0,9.9,14.4,0,0.0,0
105961,2020-07-01,Melbourne,9.8,17.4,0.0,4.0,8.6,N,50.0,N,N,17.0,28.0,75.0,45.0,1015.3,1009.8,6.0,1.0,12.1,16.6,0,1.2,1
105963,2020-07-03,Melbourne,7.7,10.3,0.0,2.4,0.4,N,33.0,N,S,17.0,15.0,78.0,97.0,1017.9,1017.5,7.0,7.0,8.2,8.1,0,7.8,1
105964,2020-07-04,Melbourne,6.5,14.5,7.8,2.6,1.4,WSW,28.0,NW,WNW,7.0,7.0,86.0,80.0,1023.9,1022.6,7.0,7.0,9.0,13.1,1,4.6,1
105965,2020-07-05,Melbourne,8.9,12.5,4.6,0.4,1.4,SSW,22.0,WNW,SSW,2.0,9.0,91.0,81.0,1027.0,1027.0,5.0,7.0,10.2,12.4,1,1.0,0
105967,2020-07-07,Melbourne,8.9,11.8,1.4,0.8,0.2,SSE,17.0,SSW,SSW,6.0,6.0,100.0,92.0,1032.5,1030.9,7.0,7.0,9.9,11.4,1,0.0,0
105968,2020-07-08,Melbourne,4.9,15.7,0.0,0.4,8.0,NNW,26.0,NNE,N,6.0,13.0,100.0,59.0,1030.5,1027.1,1.0,1.0,7.4,15.1,0,0.0,0
105969,2020-07-09,Melbourne,5.7,17.2,0.0,1.6,7.7,NNW,33.0,NNE,NNW,7.0,20.0,92.0,51.0,1028.4,1025.5,3.0,6.0,7.8,16.2,0,0.0,0
105970,2020-07-10,Melbourne,6.4,16.9,0.0,1.4,0.2,NNW,26.0,ENE,NNW,6.0,9.0,93.0,63.0,1024.6,1020.4,7.0,7.0,8.6,16.6,0,0.0,0
105971,2020-07-11,Melbourne,7.3,11.4,0.0,1.6,0.0,N,15.0,E,NE,2.0,7.0,100.0,98.0,1017.5,1015.0,7.0,8.0,9.5,10.8,0,6.8,1
105972,2020-07-12,Melbourne,9.0,14.2,6.8,1.0,3.6,SSE,20.0,SSE,SSW,9.0,2.0,100.0,89.0,1018.9,1019.1,7.0,7.0,9.3,12.9,1,3.4,1
105973,2020-07-13,Melbourne,8.7,15.1,3.4,1.4,4.4,SSE,30.0,S,SSE,9.0,13.0,99.0,71.0,1026.0,1024.8,7.0,7.0,10.5,15.0,1,0.0,0
105974,2020-07-14,Melbourne,7.7,14.2,0.0,1.0,2.6,SSE,30.0,SSE,SSE,7.0,13.0,89.0,60.0,1029.7,1026.9,7.0,5.0,10.4,13.7,0,0.2,0
105975,2020-07-15,Melbourne,6.2,14.7,0.2,1.0,6.2,SSE,28.0,ESE,SE,6.0,13.0,100.0,63.0,1025.4,1022.2,4.0,3.0,8.4,14.5,0,0.0,0
105977,2020-07-17,Melbourne,3.1,12.8,0.0,1.2,5.4,NNE,17.0,NNW,NE,4.0,7.0,100.0,73.0,1025.1,1021.2,8.0,1.0,5.0,11.6,0,0.0,0
105978,2020-07-18,Melbourne,4.0,12.5,0.0,1.6,3.2,N,52.0,N,N,13.0,22.0,80.0,63.0,1019.9,1015.9,7.0,7.0,8.3,11.8,0,0.0,0
105979,2020-07-19,Melbourne,8.2,15.3,0.0,2.4,5.1,NNW,59.0,NNW,NNW,20.0,22.0,65.0,56.0,1012.0,1007.9,5.0,7.0,10.9,15.0,0,0.6,0
105980,2020-07-20,Melbourne,7.6,13.8,0.6,2.0,4.3,WNW,33.0,NW,WSW,9.0,11.0,74.0,63.0,1021.3,1022.7,1.0,7.0,10.0,13.2,0,0.4,0
105981,2020-07-21,Melbourne,7.2,12.9,0.4,0.6,0.5,SSW,20.0,S,SSW,2.0,7.0,100.0,75.0,1030.6,1029.7,7.0,7.0,8.1,12.7,0,0.0,0
105982,2020-07-22,Melbourne,8.1,13.3,0.0,0.2,0.8,SSW,22.0,NW,S,6.0,7.0,82.0,73.0,1029.3,1027.4,7.0,7.0,10.6,11.9,0,2.2,1
105983,2020-07-23,Melbourne,8.1,12.0,2.2,0.6,0.3,S,19.0,WSW,SSW,6.0,9.0,87.0,66.0,1028.1,1025.8,7.0,8.0,9.3,11.4,1,0.0,0
105984,2020-07-24,Melbourne,6.1,13.5,0.0,0.6,9.4,N,26.0,N,NNE,15.0,13.0,81.0,48.0,1026.6,1023.5,7.0,7.0,7.1,13.0,0,0.0,0
105985,2020-07-25,Melbourne,4.3,12.2,0.0,2.0,4.6,SSW,17.0,NNE,W,6.0,7.0,80.0,78.0,1026.4,1024.5,7.0,7.0,6.1,11.1,0,0.0,0
105986,2020-07-26,Melbourne,5.0,12.8,0.0,0.6,2.9,NE,19.0,W,ENE,2.0,2.0,100.0,78.0,1023.7,1018.5,8.0,5.0,7.5,11.7,0,0.0,0
105987,2020-07-27,Melbourne,7.4,13.5,0.0,1.0,0.6,SE,33.0,SW,S,7.0,15.0,98.0,86.0,1018.8,1018.3,7.0,7.0,9.6,12.7,0,0.4,0
105988,2020-07-28,Melbourne,9.6,15.6,0.4,1.4,2.8,S,33.0,S,SSW,9.0,11.0,89.0,77.0,1021.4,1018.8,8.0,5.0,11.8,14.1,0,0.0,0
105989,2020-07-29,Melbourne,8.6,16.3,0.0,1.4,5.4,SSW,20.0,SSE,N,4.0,2.0,100.0,61.0,1019.3,1018.2,7.0,1.0,10.1,15.5,0,0.0,0
105990,2020-07-30,Melbourne,8.0,14.2,0.0,1.0,8.4,SSE,19.0,SE,S,2.0,9.0,87.0,54.0,1027.6,1027.0,2.0,3.0,9.7,13.7,0,0.0,0
105992,2020-08-01,Melbourne,5.7,16.4,0.0,3.2,6.9,N,43.0,N,N,20.0,19.0,78.0,54.0,1024.7,1021.7,7.0,1.0,11.0,15.8,0,0.0,0
105993,2020-08-02,Melbourne,9.0,18.2,0.0,2.8,9.7,N,35.0,N,N,19.0,17.0,78.0,47.0,1024.0,1020.5,2.0,7.0,10.7,17.7,0,0.0,0
105994,2020-08-03,Melbourne,7.5,16.0,0.0,2.8,6.4,SSW,33.0,NNW,W,13.0,11.0,74.0,46.0,1017.8,1013.3,6.0,7.0,10.8,15.0,0,1.2,1
105995,2020-08-04,Melbourne,5.1,10.5,1.2,2.2,7.4,SW,41.0,NW,W,15.0,19.0,67.0,53.0,1013.0,1012.3,3.0,6.0,6.1,10.0,1,5.8,1
105996,2020-08-05,Melbourne,4.7,11.3,5.8,2.4,4.0,SSW,35.0,W,SSW,9.0,9.0,75.0,67.0,1016.8,1016.4,2.0,7.0,8.0,10.1,1,0.8,0
105997,2020-08-06,Melbourne,5.5,12.8,0.8,1.0,2.3,S,20.0,WSW,SSW,6.0,9.0,85.0,74.0,1021.6,1020.5,7.0,7.0,8.1,12.2,0,0.0,0
105999,2020-08-08,Melbourne,4.7,14.9,6.8,0.8,4.4,ESE,35.0,ESE,SE,7.0,17.0,97.0,74.0,1016.3,1015.2,7.0,5.0,10.7,14.5,1,0.2,0
106000,2020-08-09,Melbourne,8.9,15.8,0.2,1.2,6.4,SSE,41.0,S,SE,9.0,13.0,93.0,52.0,1019.9,1019.1,6.0,2.0,10.0,15.4,0,0.0,0
106001,2020-08-10,Melbourne,5.7,14.8,0.0,1.8,7.9,SSE,24.0,N,SSW,4.0,7.0,89.0,65.0,1023.4,1020.1,6.0,1.0,9.5,14.3,0,0.0,0
106002,2020-08-11,Melbourne,4.3,15.8,0.0,2.0,3.9,N,46.0,N,N,9.0,22.0,77.0,49.0,1018.8,1015.2,7.0,7.0,9.4,15.1,0,0.8,0
106003,2020-08-12,Melbourne,9.4,15.9,0.8,3.4,2.2,N,41.0,N,NNW,15.0,22.0,86.0,73.0,1010.9,1007.6,7.0,7.0,11.9,14.6,0,1.2,1
106004,2020-08-13,Melbourne,11.4,18.1,1.2,1.4,7.3,N,39.0,N,N,19.0,24.0,85.0,70.0,1011.6,1010.3,4.0,5.0,14.0,16.9,1,0.8,0
106006,2020-08-15,Melbourne,7.4,14.9,2.8,1.2,5.0,SSW,22.0,NE,SSW,7.0,11.0,98.0,80.0,1013.6,1012.3,1.0,6.0,10.7,14.1,1,0.4,0
106007,2020-08-16,Melbourne,10.7,15.0,0.4,2.4,4.3,S,31.0,SW,SSW,9.0,13.0,97.0,89.0,1013.6,1011.5,7.0,6.0,11.4,13.1,0,0.0,0
106008,2020-08-17,Melbourne,9.5,16.3,0.0,1.4,4.9,N,30.0,WNW,WNW,7.0,9.0,82.0,50.0,1011.7,1007.1,6.0,7.0,11.1,15.9,0,0.2,0
106009,2020-08-18,Melbourne,10.0,17.2,0.2,2.6,7.7,NNW,41.0,NNE,N,15.0,19.0,77.0,63.0,1001.2,996.9,1.0,6.0,12.6,14.4,0,1.2,1
106011,2020-08-20,Melbourne,9.6,15.7,3.8,1.6,5.9,NW,37.0,WNW,WNW,13.0,13.0,70.0,47.0,1001.8,1000.7,5.0,6.0,11.4,14.3,1,0.4,0
106012,2020-08-21,Melbourne,8.5,14.1,0.4,4.4,8.0,NNW,46.0,NW,NNW,15.0,24.0,56.0,51.0,1001.6,1000.3,1.0,4.0,10.3,11.3,0,4.4,1
106013,2020-08-22,Melbourne,5.8,11.1,4.4,3.0,2.2,W,46.0,NW,SW,11.0,11.0,82.0,92.0,1001.7,1003.0,7.0,7.0,7.0,7.2,1,25.6,1
106014,2020-08-23,Melbourne,6.8,11.5,25.6,3.2,0.8,S,37.0,W,S,6.0,17.0,100.0,74.0,1012.2,1013.4,7.0,7.0,8.2,10.6,1,2.8,1
106015,2020-08-24,Melbourne,6.3,12.4,2.8,1.2,5.9,SSW,28.0,WNW,S,9.0,11.0,79.0,65.0,1022.3,1022.7,3.0,7.0,8.6,10.8,1,0.0,0
106016,2020-08-25,Melbourne,3.6,13.0,0.0,2.2,4.1,S,26.0,ESE,SSW,6.0,9.0,80.0,74.0,1030.2,1029.2,7.0,7.0,8.4,11.7,0,0.0,0
106018,2020-08-27,Melbourne,8.8,20.7,0.0,3.0,8.0,SSW,61.0,N,N,20.0,24.0,59.0,46.0,1022.5,1013.8,7.0,5.0,11.3,18.3,0,1.4,1
106019,2020-08-28,Melbourne,8.5,17.6,1.4,4.8,9.8,W,26.0,NW,WNW,9.0,7.0,69.0,40.0,1027.6,1026.4,1.0,1.0,11.0,17.0,1,0.0,0
106020,2020-08-29,Melbourne,9.2,19.3,0.0,2.8,10.7,N,46.0,N,N,26.0,22.0,67.0,39.0,1028.0,1023.5,0.0,0.0,12.0,18.8,0,0.0,0
106021,2020-08-30,Melbourne,12.0,19.8,0.0,3.0,3.2,N,54.0,N,NNW,26.0,19.0,52.0,39.0,1018.0,1012.4,7.0,7.0,15.2,19.6,0,1.0,0
106022,2020-08-31,Melbourne,6.9,12.5,1.0,4.8,3.3,SSW,37.0,W,S,7.0,13.0,76.0,67.0,1024.6,1024.8,3.0,7.0,8.8,11.5,0,0.0,0
106023,2020-09-01,Melbourne,6.6,15.7,0.0,2.0,8.6,NNW,44.0,NE,N,9.0,26.0,76.0,44.0,1023.5,1016.6,7.0,8.0,8.6,14.7,0,0.0,0
106024,2020-09-02,Melbourne,8.6,22.0,0.0,5.0,6.4,N,63.0,N,N,17.0,31.0,42.0,37.0,1010.6,1005.7,7.0,2.0,15.6,20.9,0,0.0,0
106025,2020-09-03,Melbourne,12.9,19.9,0.0,5.2,7.4,NNW,59.0,N,NNW,20.0,24.0,50.0,39.0,1009.6,1009.2,1.0,7.0,16.0,17.5,0,0.0,0
106026,2020-09-04,Melbourne,9.0,17.3,0.0,6.8,4.4,NNW,39.0,NNW,NW,17.0,15.0,65.0,41.0,1017.8,1014.7,7.0,7.0,11.6,16.8,0,0.2,0
106027,2020-09-05,Melbourne,9.7,16.6,0.2,3.8,7.9,N,28.0,WNW,SW,7.0,9.0,71.0,49.0,1018.8,1019.3,1.0,3.0,13.0,16.5,0,0.2,0
106028,2020-09-06,Melbourne,6.9,19.2,0.2,3.4,10.7,N,46.0,N,N,11.0,22.0,65.0,45.0,1025.6,1023.2,0.0,1.0,12.9,18.4,0,0.0,0
106029,2020-09-07,Melbourne,8.8,22.9,0.0,5.2,10.7,N,63.0,N,N,15.0,31.0,43.0,34.0,1025.2,1020.2,1.0,2.0,16.6,22.5,0,0.0,0
106030,2020-09-08,Melbourne,16.6,19.9,0.0,8.8,0.0,NNW,57.0,N,S,26.0,9.0,60.0,77.0,1020.5,1023.1,7.0,7.0,19.4,15.6,0,1.0,0
106031,2020-09-09,Melbourne,8.1,15.6,1.0,1.2,7.4,SSW,35.0,SSE,SSW,11.0,15.0,63.0,60.0,1030.7,1028.1,7.0,5.0,13.0,14.2,0,0.0,0
106032,2020-09-10,Melbourne,5.4,21.4,0.0,3.4,9.7,N,24.0,NNE,NNE,6.0,9.0,79.0,45.0,1028.4,1024.4,1.0,2.0,10.6,20.5,0,0.0,0
106033,2020-09-11,Melbourne,10.4,19.4,0.0,5.2,6.5,N,56.0,N,N,19.0,26.0,50.0,48.0,1027.5,1024.1,3.0,7.0,15.5,18.6,0,1.6,1
106034,2020-09-12,Melbourne,13.3,16.0,1.6,5.6,0.1,N,35.0,N,N,13.0,9.0,76.0,69.0,1025.7,1019.8,8.0,8.0,13.4,15.0,1,11.8,1
106035,2020-09-13,Melbourne,11.9,17.2,11.8,0.8,8.1,W,26.0,WSW,S,11.0,7.0,92.0,52.0,1022.7,1021.1,7.0,1.0,11.9,16.7,1,0.0,0
106036,2020-09-14,Melbourne,11.1,16.6,0.0,2.2,9.1,SSW,31.0,WSW,SSW,11.0,9.0,69.0,51.0,1028.2,1027.4,5.0,1.0,13.3,16.3,0,0.0,0
106037,2020-09-15,Melbourne,7.4,15.8,0.0,3.6,8.9,SSW,22.0,SW,SSW,7.0,11.0,71.0,58.0,1030.5,1026.8,5.0,1.0,11.9,14.8,0,0.0,0
106038,2020-09-16,Melbourne,7.1,22.8,0.0,4.0,7.1,NNW,46.0,N,N,24.0,20.0,52.0,36.0,1020.4,1015.6,7.0,7.0,15.3,21.6,0,0.8,0
106039,2020-09-17,Melbourne,11.8,15.5,0.8,4.0,0.3,SSW,31.0,SSW,S,11.0,13.0,99.0,78.0,1025.2,1025.8,7.0,7.0,12.6,14.1,0,0.0,0
106040,2020-09-18,Melbourne,8.4,18.7,0.0,1.6,0.3,ESE,20.0,NNE,SSW,2.0,7.0,82.0,67.0,1028.4,1024.9,7.0,7.0,12.9,17.5,0,0.0,0
106042,2020-09-20,Melbourne,17.1,22.0,0.0,6.2,4.1,NNW,50.0,N,N,24.0,24.0,72.0,50.0,1007.1,1004.5,2.0,6.0,18.7,21.6,0,0.0,0
106043,2020-09-21,Melbourne,16.6,19.8,0.0,7.0,5.6,NNW,54.0,N,NNW,13.0,24.0,69.0,37.0,1004.8,1003.1,7.0,1.0,17.7,19.1,0,0.0,0
106044,2020-09-22,Melbourne,12.3,18.9,0.0,6.4,9.4,NNW,65.0,NNW,NNW,26.0,20.0,53.0,46.0,1006.0,1004.2,3.0,3.0,14.6,17.9,0,0.2,0
106045,2020-09-23,Melbourne,10.6,15.1,0.2,5.2,5.3,WSW,35.0,WNW,SW,15.0,15.0,63.0,69.0,1012.0,1011.5,7.0,7.0,12.5,13.3,0,1.6,1
106046,2020-09-24,Melbourne,8.2,15.0,1.6,3.4,3.1,N,46.0,WNW,N,13.0,20.0,61.0,41.0,1013.9,1009.3,4.0,7.0,11.0,14.2,1,3.2,1
106047,2020-09-25,Melbourne,7.2,11.9,3.2,3.4,1.2,WSW,35.0,WNW,WSW,6.0,15.0,85.0,69.0,1002.3,1002.2,7.0,7.0,8.6,8.0,1,9.4,1
106048,2020-09-26,Melbourne,6.2,13.4,9.4,3.0,7.3,W,44.0,SSW,SSW,19.0,9.0,74.0,74.0,1013.7,1014.7,7.0,4.0,10.1,11.6,1,3.0,1
106049,2020-09-27,Melbourne,8.8,13.4,3.0,3.0,7.5,SW,33.0,SSE,SSW,13.0,17.0,53.0,42.0,1025.6,1026.2,5.0,2.0,11.4,12.2,1,0.0,0
106051,2020-09-29,Melbourne,4.3,21.0,0.0,3.2,8.6,NNW,39.0,NE,N,11.0,20.0,74.0,35.0,1024.1,1017.6,7.0,7.0,10.8,21.0,0,0.6,0
106052,2020-09-30,Melbourne,10.7,19.4,0.6,5.6,0.9,N,56.0,N,N,20.0,22.0,77.0,56.0,1011.9,1007.0,7.0,7.0,14.5,17.9,0,1.8,1
106053,2020-10-01,Melbourne,9.4,19.5,1.8,3.6,9.3,NNW,37.0,WNW,NW,13.0,11.0,63.0,37.0,1017.1,1015.4,3.0,1.0,13.3,19.2,1,0.0,0
106054,2020-10-02,Melbourne,12.8,26.0,0.0,6.8,11.3,NNW,54.0,N,N,20.0,22.0,44.0,40.0,1019.1,1016.7,0.0,0.0,17.4,25.1,0,0.0,0
106055,2020-10-03,Melbourne,17.4,29.4,0.0,12.0,6.4,N,57.0,N,N,26.0,31.0,40.0,32.0,1018.3,1013.4,3.0,6.0,22.2,28.4,0,0.0,0
106056,2020-10-04,Melbourne,13.5,29.5,0.0,12.2,2.4,SSW,44.0,W,N,9.0,19.0,42.0,34.0,1012.7,1006.8,7.0,7.0,21.0,28.4,0,12.8,1
106057,2020-10-05,Melbourne,9.1,12.7,12.8,6.0,0.3,SSW,39.0,SSE,S,11.0,13.0,100.0,72.0,1018.6,1021.8,8.0,7.0,9.1,12.0,1,1.0,0
106058,2020-10-06,Melbourne,8.9,12.6,1.0,2.0,0.0,SSW,33.0,SSE,S,11.0,13.0,59.0,65.0,1025.0,1023.6,7.0,8.0,11.1,11.7,0,3.2,1
106060,2020-10-08,Melbourne,11.4,16.9,5.4,1.4,2.4,N,59.0,N,N,22.0,33.0,76.0,66.0,1003.0,1001.4,7.0,7.0,15.0,15.3,1,1.2,1
106061,2020-10-09,Melbourne,11.7,16.7,1.2,4.6,3.7,WSW,39.0,W,W,15.0,15.0,70.0,53.0,1013.9,1014.8,7.0,7.0,12.7,15.8,1,0.0,0
106062,2020-10-10,Melbourne,10.8,19.4,0.0,4.0,9.9,NNW,30.0,NW,SSW,11.0,11.0,63.0,53.0,1020.2,1017.5,2.0,6.0,14.2,18.4,0,0.0,0
106063,2020-10-11,Melbourne,11.5,16.0,0.0,3.6,5.7,SSE,28.0,SW,SSW,9.0,15.0,80.0,49.0,1023.1,1022.9,7.0,5.0,12.8,15.1,0,0.0,0
106064,2020-10-12,Melbourne,6.3,25.5,0.0,4.0,7.2,N,43.0,N,N,7.0,22.0,79.0,38.0,1023.3,1018.6,1.0,3.0,10.7,22.7,0,0.2,0
106065,2020-10-13,Melbourne,10.6,16.6,0.2,6.0,0.3,SSW,33.0,S,SSW,7.0,17.0,100.0,67.0,1025.0,1025.5,8.0,7.0,13.2,15.3,0,0.0,0
106066,2020-10-14,Melbourne,11.9,22.7,0.0,2.8,6.5,S,24.0,NE,SSW,6.0,15.0,81.0,60.0,1024.1,1020.3,8.0,3.0,13.9,19.4,0,0.0,0
106067,2020-10-15,Melbourne,13.8,24.8,0.0,7.0,0.2,SSW,54.0,N,N,22.0,13.0,47.0,44.0,1011.5,1009.3,7.0,8.0,22.4,23.7,0,1.4,1
106068,2020-10-16,Melbourne,9.4,18.2,1.4,2.8,7.0,SE,31.0,SE,SW,13.0,7.0,57.0,53.0,1019.5,1015.9,1.0,7.0,12.3,16.2,1,8.4,1
106069,2020-10-17,Melbourne,11.9,19.2,8.4,3.6,4.4,WSW,37.0,NNW,SW,9.0,11.0,100.0,66.0,1008.4,1009.5,7.0,7.0,16.5,17.5,1,0.2,0
106070,2020-10-18,Melbourne,11.3,15.2,0.2,3.0,0.7,SSW,41.0,S,S,15.0,15.0,61.0,53.0,1016.8,1017.6,7.0,7.0,12.1,14.0,0,0.0,0
106071,2020-10-19,Melbourne,8.2,15.5,0.0,2.0,3.9,SSW,30.0,SSW,S,7.0,15.0,81.0,80.0,1018.9,1019.4,7.0,7.0,12.1,14.1,0,0.0,0
106072,2020-10-20,Melbourne,7.3,16.6,0.0,1.8,8.5,SSW,28.0,SSE,SSW,9.0,17.0,67.0,60.0,1019.2,1017.4,3.0,3.0,13.2,15.4,0,0.0,0
106074,2020-10-22,Melbourne,9.2,18.0,0.0,3.8,11.1,S,28.0,SSE,SSW,9.0,15.0,68.0,63.0,1016.8,1013.7,6.0,6.0,13.7,17.5,0,0.0,0
106075,2020-10-23,Melbourne,12.9,19.7,0.0,4.6,0.8,SE,19.0,E,SSW,9.0,11.0,82.0,83.0,1008.6,1006.6,8.0,7.0,14.9,17.0,0,32.2,1
106076,2020-10-24,Melbourne,11.8,14.9,32.2,2.4,1.4,SSW,52.0,S,S,11.0,17.0,100.0,71.0,1007.2,1009.3,8.0,7.0,11.9,14.7,1,6.4,1
106077,2020-10-25,Melbourne,8.3,14.6,6.4,3.6,4.3,S,50.0,SSE,SSE,22.0,15.0,44.0,64.0,1020.7,1020.9,7.0,7.0,11.0,12.9,1,0.0,0
106078,2020-10-26,Melbourne,9.2,17.9,0.0,4.0,9.1,SE,59.0,SE,SE,17.0,28.0,60.0,44.0,1024.2,1021.9,2.0,6.0,12.5,16.8,0,0.0,0
106079,2020-10-27,Melbourne,11.1,19.6,0.0,5.6,4.3,ESE,41.0,SE,ESE,13.0,17.0,71.0,53.0,1023.4,1019.8,7.0,7.0,13.2,18.9,0,0.0,0
106081,2020-10-29,Melbourne,11.2,24.3,0.0,4.0,6.3,W,54.0,NNE,S,7.0,7.0,73.0,65.0,1012.1,1009.8,1.0,7.0,16.4,19.0,0,0.0,0
106082,2020-10-30,Melbourne,12.9,18.6,0.0,4.0,5.1,SSW,35.0,S,SSW,9.0,15.0,87.0,83.0,1011.4,1010.0,7.0,6.0,14.8,17.6,0,0.0,0
106083,2020-10-31,Melbourne,14.2,16.8,0.0,4.0,0.1,SSW,46.0,S,SSW,11.0,19.0,84.0,80.0,1014.5,1015.7,7.0,7.0,15.1,15.1,0,0.0,0
106084,2020-11-01,Melbourne,12.6,17.0,0.0,3.8,8.4,SSW,30.0,SSE,SSW,7.0,17.0,70.0,67.0,1023.7,1023.5,8.0,1.0,13.5,16.1,0,0.0,0
106085,2020-11-02,Melbourne,9.6,29.5,0.0,3.0,11.0,NNE,24.0,NNE,NNE,7.0,11.0,96.0,28.0,1026.6,1022.6,1.0,1.0,12.3,28.0,0,0.0,0
106086,2020-11-03,Melbourne,12.1,30.4,0.0,5.6,11.8,N,46.0,NNE,NNW,15.0,20.0,48.0,32.0,1021.8,1017.3,6.0,7.0,23.1,30.0,0,0.0,0
106087,2020-11-04,Melbourne,21.9,22.8,0.0,12.0,0.1,N,39.0,NNW,SSW,13.0,7.0,47.0,85.0,1012.1,1013.4,7.0,8.0,22.0,17.4,0,2.8,1
106088,2020-11-05,Melbourne,11.1,15.8,2.8,2.8,9.1,S,44.0,S,S,20.0,20.0,58.0,47.0,1020.2,1021.9,7.0,6.0,12.7,14.7,1,0.2,0
106089,2020-11-06,Melbourne,9.5,16.6,0.2,4.0,0.6,S,28.0,SW,SSW,7.0,13.0,60.0,61.0,1021.9,1020.4,7.0,7.0,13.2,15.0,0,1.6,1
106090,2020-11-07,Melbourne,11.3,16.1,1.6,2.8,8.6,SSW,35.0,S,SSW,15.0,17.0,47.0,52.0,1026.5,1027.2,7.0,4.0,13.7,15.2,1,0.0,0
106091,2020-11-08,Melbourne,8.4,19.5,0.0,6.4,13.3,SSW,26.0,SE,S,6.0,13.0,62.0,54.0,1028.1,1025.7,1.0,1.0,13.1,17.9,0,0.0,0
106092,2020-11-09,Melbourne,11.3,29.0,0.0,6.8,13.3,NNW,39.0,NE,NNW,7.0,13.0,62.0,29.0,1024.3,1020.1,0.0,1.0,18.4,27.7,0,0.0,0
106093,2020-11-10,Melbourne,16.1,32.0,0.0,9.6,12.3,N,48.0,N,N,20.0,19.0,37.0,30.0,1018.4,1014.0,1.0,1.0,23.6,30.9,0,0.0,0
106094,2020-11-11,Melbourne,22.8,28.3,0.0,14.6,0.0,NNE,35.0,NNE,W,19.0,13.0,33.0,49.0,1010.3,1009.2,7.0,8.0,26.0,23.6,0,4.0,1
106095,2020-11-12,Melbourne,19.3,25.5,4.0,3.8,9.8,N,44.0,NW,NNW,19.0,20.0,51.0,43.0,1003.3,1002.0,1.0,5.0,21.9,23.9,1,0.0,0
106096,2020-11-13,Melbourne,15.4,20.6,0.0,8.0,5.4,SSW,31.0,WSW,SSW,7.0,9.0,52.0,58.0,1005.2,1004.3,3.0,7.0,17.1,18.7,0,0.2,0
106097,2020-11-14,Melbourne,13.5,21.0,0.2,4.0,7.2,SSW,24.0,WNW,SSW,7.0,15.0,75.0,47.0,1010.1,1009.7,7.0,5.0,15.2,19.5,0,0.0,0
106098,2020-11-15,Melbourne,12.3,32.5,0.0,5.0,4.9,NW,67.0,SW,N,7.0,31.0,59.0,25.0,1012.5,1004.9,7.0,6.0,18.3,31.3,0,0.0,0
106099,2020-11-16,Melbourne,18.2,24.3,0.0,15.0,12.7,NNW,56.0,NW,SSW,13.0,24.0,34.0,32.0,1008.2,1012.9,1.0,3.0,22.2,23.2,0,0.0,0
106100,2020-11-17,Melbourne,11.9,21.1,0.0,10.6,12.1,W,28.0,W,SSE,11.0,7.0,60.0,43.0,1022.2,1021.9,5.0,6.0,15.3,20.3,0,0.0,0
106101,2020-11-18,Melbourne,10.8,29.5,0.0,5.4,12.3,SW,28.0,NE,SSE,9.0,6.0,62.0,19.0,1022.5,1018.5,7.0,5.0,16.7,28.8,0,0.0,0
106102,2020-11-19,Melbourne,16.1,34.4,0.0,10.0,12.0,NNW,46.0,NE,N,9.0,22.0,44.0,21.0,1016.5,1012.0,4.0,7.0,23.5,33.3,0,0.0,0
106103,2020-11-20,Melbourne,15.6,20.2,0.0,13.4,12.3,SSW,35.0,S,SSW,11.0,17.0,65.0,73.0,1018.8,1020.6,3.0,7.0,18.1,19.1,0,0.0,0
106104,2020-11-21,Melbourne,13.3,25.7,0.0,6.6,4.0,SSW,20.0,NE,SW,7.0,4.0,76.0,59.0,1019.4,1016.1,7.0,7.0,16.1,21.7,0,0.0,0
106105,2020-11-22,Melbourne,16.1,28.2,0.0,4.8,1.7,S,31.0,SSW,NNW,6.0,13.0,74.0,45.0,1014.7,1010.5,7.0,7.0,20.6,27.6,0,30.2,1
106106,2020-11-23,Melbourne,16.6,18.8,30.2,4.2,3.6,S,39.0,SSW,SSW,7.0,13.0,100.0,79.0,1009.8,1012.3,7.0,7.0,17.0,17.8,1,6.0,1
106107,2020-11-24,Melbourne,13.5,20.3,6.0,4.8,3.1,S,30.0,WSW,SSW,6.0,9.0,64.0,59.0,1014.3,1013.8,6.0,7.0,15.6,19.7,1,0.0,0
106108,2020-11-25,Melbourne,13.2,30.5,0.0,3.2,12.5,NW,33.0,NE,SW,9.0,7.0,66.0,41.0,1012.0,1007.8,0.0,4.0,18.9,29.4,0,0.0,0
106109,2020-11-26,Melbourne,15.8,19.4,0.0,7.6,8.3,S,35.0,SSW,SSW,13.0,15.0,76.0,54.0,1015.1,1016.6,7.0,3.0,17.4,18.0,0,0.0,0
106111,2020-11-28,Melbourne,16.0,22.9,0.0,8.4,0.7,SSW,46.0,NNE,SSW,17.0,9.0,73.0,81.0,1004.3,1005.6,7.0,8.0,20.0,19.5,0,2.8,1
106112,2020-11-29,Melbourne,14.4,18.6,2.8,3.6,4.0,S,44.0,SSW,S,15.0,19.0,83.0,67.0,1006.9,1012.1,7.0,7.0,15.5,17.8,1,1.0,0
106113,2020-11-30,Melbourne,12.1,27.2,1.0,4.0,11.4,S,24.0,SSE,SSW,9.0,11.0,56.0,48.0,1015.5,1009.7,7.0,2.0,17.0,22.8,0,0.0,0
106114,2020-12-01,Melbourne,16.8,26.2,0.0,8.8,3.5,NW,65.0,N,WSW,17.0,7.0,47.0,69.0,1003.1,1006.0,7.0,7.0,23.5,20.2,0,0.2,0
106115,2020-12-02,Melbourne,11.9,18.6,0.2,7.2,11.3,S,33.0,W,S,11.0,13.0,50.0,41.0,1022.8,1023.6,5.0,7.0,14.7,17.7,0,0.0,0
106116,2020-12-03,Melbourne,10.6,23.7,0.0,6.6,12.5,SSW,26.0,N,SW,6.0,9.0,53.0,36.0,1023.4,1018.3,1.0,1.0,15.1,22.9,0,0.0,0
106117,2020-12-04,Melbourne,11.4,22.9,0.0,7.0,12.2,SSW,26.0,WSW,S,13.0,9.0,56.0,42.0,1017.9,1015.5,1.0,1.0,15.6,21.7,0,0.0,0
106118,2020-12-05,Melbourne,13.9,28.4,0.0,7.6,2.1,N,63.0,NNE,NNW,9.0,30.0,56.0,32.0,1003.1,994.9,7.0,8.0,17.8,25.7,0,1.4,1
106119,2020-12-06,Melbourne,12.9,20.5,1.4,9.4,6.9,NNW,52.0,NNW,NW,15.0,24.0,56.0,45.0,1001.9,1001.8,7.0,6.0,14.4,18.0,1,2.6,1
106120,2020-12-07,Melbourne,11.3,17.3,2.6,7.6,5.6,WNW,43.0,NW,W,11.0,9.0,54.0,58.0,1005.1,1006.1,6.0,7.0,14.2,14.6,1,6.0,1
106121,2020-12-08,Melbourne,10.6,17.1,6.0,5.0,4.0,S,30.0,SW,SSW,9.0,9.0,68.0,57.0,1018.1,1018.4,7.0,7.0,12.4,15.2,1,0.0,0
106122,2020-12-09,Melbourne,11.7,21.5,0.0,4.0,13.2,S,30.0,SSW,SSW,9.0,15.0,65.0,51.0,1020.3,1017.5,1.0,1.0,15.2,20.3,0,0.6,0
106123,2020-12-10,Melbourne,13.1,17.7,0.6,7.4,10.2,SSW,41.0,SSE,SSW,19.0,22.0,67.0,49.0,1024.7,1026.2,7.0,1.0,15.3,16.9,0,0.0,0
106124,2020-12-11,Melbourne,9.6,21.1,0.0,8.2,13.5,SSW,43.0,S,SSW,11.0,19.0,53.0,51.0,1030.1,1026.5,1.0,0.0,16.1,20.7,0,0.0,0
106125,2020-12-12,Melbourne,11.9,28.1,0.0,8.0,12.1,SE,33.0,NE,S,9.0,13.0,52.0,42.0,1028.2,1023.5,1.0,7.0,18.5,25.4,0,0.0,0
106126,2020-12-13,Melbourne,16.0,30.2,0.0,10.8,10.4,NNW,35.0,N,NNE,20.0,13.0,44.0,31.0,1022.2,1018.0,7.0,7.0,22.0,28.6,0,0.0,0
106127,2020-12-14,Melbourne,17.7,33.7,0.0,13.0,13.4,NNW,48.0,N,NNE,20.0,17.0,40.0,24.0,1016.9,1012.9,1.0,1.0,24.7,32.3,0,0.0,0
106128,2020-12-15,Melbourne,20.4,33.5,0.0,16.6,8.8,NNW,39.0,N,S,22.0,17.0,44.0,77.0,1013.1,1013.0,5.0,7.0,26.6,20.7,0,0.0,0
106129,2020-12-16,Melbourne,15.8,24.6,0.0,9.2,5.1,SSE,41.0,SSE,SW,9.0,15.0,69.0,74.0,1015.9,1012.2,8.0,7.0,17.0,20.1,0,0.0,0
106131,2020-12-18,Melbourne,12.5,18.4,7.6,7.2,7.6,SSW,41.0,WSW,S,9.0,19.0,86.0,57.0,1012.6,1014.2,7.0,7.0,14.1,17.0,1,0.2,0
106132,2020-12-19,Melbourne,12.3,19.9,0.2,8.0,8.7,SSW,37.0,SSE,SSW,9.0,19.0,65.0,51.0,1019.4,1017.1,6.0,6.0,15.4,19.0,0,0.0,0
106133,2020-12-20,Melbourne,9.9,18.9,0.0,10.6,11.4,SSW,33.0,SE,SSW,9.0,15.0,56.0,51.0,1017.2,1015.5,1.0,1.0,16.1,18.1,0,0.0,0
106134,2020-12-21,Melbourne,11.2,21.5,0.0,7.4,0.7,SSW,30.0,NNE,SSW,4.0,6.0,73.0,65.0,1010.5,1006.1,7.0,7.0,14.1,19.6,0,13.2,1
106135,2020-12-22,Melbourne,13.8,20.4,13.2,2.6,1.1,SSW,50.0,W,SSW,7.0,15.0,89.0,80.0,1004.4,1005.3,7.0,7.0,15.5,17.1,1,6.0,1
106136,2020-12-23,Melbourne,13.5,19.5,6.0,4.8,6.4,W,28.0,SW,S,7.0,13.0,66.0,52.0,1019.3,1018.9,7.0,7.0,16.2,18.0,1,1.0,0
106137,2020-12-24,Melbourne,13.4,18.7,1.0,5.0,7.1,SSW,35.0,SSW,SSW,9.0,15.0,70.0,48.0,1019.7,1019.6,7.0,7.0,14.8,17.4,0,0.0,0
106138,2020-12-25,Melbourne,13.6,20.0,0.0,6.2,7.8,S,41.0,ESE,SSW,17.0,15.0,57.0,51.0,1021.8,1018.9,7.0,7.0,16.0,17.7,0,0.0,0
106139,2020-12-26,Melbourne,10.2,27.4,0.0,6.8,12.9,SSW,24.0,N,S,7.0,9.0,73.0,39.0,1015.9,1012.4,1.0,2.0,16.6,23.9,0,0.0,0
106140,2020-12-27,Melbourne,16.2,31.9,0.0,11.4,0.5,S,70.0,NNE,NW,2.0,11.0,38.0,23.0,1005.4,1000.9,7.0,7.0,23.9,31.5,0,3.2,1
106141,2020-12-28,Melbourne,11.5,17.8,3.2,8.4,6.7,S,37.0,SSE,SSW,13.0,19.0,43.0,51.0,1013.1,1012.9,6.0,7.0,15.4,16.9,1,0.0,0
106142,2020-12-29,Melbourne,9.0,21.3,0.0,6.4,10.6,SSW,31.0,SSW,SSW,7.0,17.0,65.0,47.0,1017.4,1016.9,7.0,1.0,15.2,19.6,0,0.0,0
106143,2020-12-30,Melbourne,13.7,21.4,0.0,7.4,9.0,SSW,35.0,S,SSW,11.0,19.0,68.0,68.0,1019.6,1018.7,7.0,7.0,18.1,20.4,0,0.0,0
106144,2020-12-31,Melbourne,15.5,21.2,0.0,7.2,0.2,S,35.0,SSE,SSW,11.0,13.0,79.0,77.0,1021.4,1019.8,8.0,8.0,16.2,18.6,0,0.0,0
